Workbook

Sheet 00_Summary
A1: <SLAS> Test Summary
A4: Metric | B4: Value | D4: Result | E4: Value | G4: Coverage | H4: Value
A5: SLAS Testcase Total | B5: =COUNTA('01_SLAS_Testcase'!$B$4:$B$203) -> 0 | D5: Pass | E5: =COUNTIF('01_SLAS_Testcase'!$L$4:$L$203,"Pass") -> 0 | G5: SLAS Requirement Total | H5: =COUNTA('02_Requirements_Coverage'!$A$5:$A$104) -> 32
A6: Executed Testcase | B6: =E5+E6+E7 -> 0 | D6: Fail | E6: =COUNTIF('01_SLAS_Testcase'!$L$4:$L$203,"Fail") -> 0 | G6: Covered Requirements | H6: =COUNTIF('02_Requirements_Coverage'!$D$5:$D$104,"Covered") -> 0
A7: Execution Rate | B7: =IF(B5=0,0,B6/B5) -> 0 | D7: N/A | E7: =COUNTIF('01_SLAS_Testcase'!$L$4:$L$203,"N/A") -> 0 | G7: Coverage Rate | H7: =IF(H5=0,0,H6/H5) -> 0
D8: Not Tested | E8: =B5-E5-E6-E7 -> 0 | G8: Not Covered | H8: =H5-H6 -> 32
A10: Unit Test | B10: Value
A11: Unit Test Total | B11: =COUNTA('03_UnitTest_Result'!B4:B23) -> 0
A12: Unit Test Pass | B12: =COUNTIF('03_UnitTest_Result'!I4:I23,"Pass") -> 0
A13: Unit Test Fail | B13: =COUNTIF('03_UnitTest_Result'!I4:I23,"Fail") -> 0
A14: Statement Coverage | B14: ='03_UnitTest_Result'!B32 -> 0

Sheet 01_SLAS_Testcase
A1: 02_SLAS_Testcase
A3: No. | B3: TC ID | C3: SRS ID | D3: Purpose | E3: Verification Type | F3: Pre-condition | G3: Test Procedure | H3: Input | I3: Expected Result | J3: Remarks | K3: Actual Result | L3: Result | M3: Severity | N3: Priority
A4: 1
A5: 2
A6: 3
A7: 4
A8: 5
A9: 6
A10: 7
A11: 8
A12: 9
A13: 10
A14: 11
A15: 12
... A51: 48

Sheet 02_Requirements_Coverage
A1: SLAS Requirements Traceability
A2: SRS ID가 TC에 최소 1회 이상 연결되었는지 확인한다. (요구사항 커버리지 100%)
A4: Requirement ID | B4: Requirement Summary | C4: Mapped TC Count | D4: Coverage Status | E4: Related TC ID | F4: Coverage Note
A5: SLAS-SRS-001 | B5: 유효한 제한속도 정보 표시 | C5: =COUNTIF('01_SLAS_Testcase'!$C$4:$C$203,"*"&A5&"*") -> 0 | D5: =IF(C5>0,"Covered","Not Covered") -> Not Covered
A6: SLAS-SRS-002 | B6: 제한속도 정보 없음 표시 | C6: =COUNTIF('01_SLAS_Testcase'!$C$4:$C$203,"*"&A6&"*") -> 0 | D6: =IF(C6>0,"Covered","Not Covered") -> Not Covered
A7: SLAS-SRS-003 | B7: OFF 모드 SLAS 보조 표시 OFF | C7: =COUNTIF('01_SLAS_Testcase'!$C$4:$C$203,"*"&A7&"*") -> 0 | D7: =IF(C7>0,"Covered","Not Covered") -> Not Covered
A8: SLAS-SRS-004 | B8: OFF 모드 경고/안내 억제 | C8: =COUNTIF('01_SLAS_Testcase'!$C$4:$C$203,"*"&A8&"*") -> 0 | D8: =IF(C8>0,"Covered","Not Covered") -> Not Covered
A9: SLAS-SRS-005 | B9: 경고 임계값 이하 경고 없음 | C9: =COUNTIF('01_SLAS_Testcase'!$C$4:$C$203,"*"&A9&"*") -> 0 | D9: =IF(C9>0,"Covered","Not Covered") -> Not Covered
A10: SLAS-SRS-006 | B10: 경고 임계값 초과 경고 | C10: =COUNTIF('01_SLAS_Testcase'!$C$4:$C$203,"*"&A10&"*") -> 0 | D10: =IF(C10>0,"Covered","Not Covered") -> Not Covered
A11: SLAS-SRS-007 | B11: 90% 미만 GREEN | C11: =COUNTIF('01_SLAS_Testcase'!$C$4:$C$203,"*"&A11&"*") -> 0 | D11: =IF(C11>0,"Covered","Not Covered") -> Not Covered
A12: SLAS-SRS-008 | B12: 90% 이상 임계값 이하 AMBER | C12: =COUNTIF('01_SLAS_Testcase'!$C$4:$C$203,"*"&A12&"*") -> 0 | D12: =IF(C12>0,"Covered","Not Covered") -> Not Covered
A13: SLAS-SRS-009 | B13: 임계값 초과 RED | C13: =COUNTIF('01_SLAS_Testcase'!$C$4:$C$203,"*"&A13&"*") -> 0 | D13: =IF(C13>0,"Covered","Not Covered") -> Not Covered
A14: SLAS-SRS-010 | B14: ASSIST UP 안내 | C14: =COUNTIF('01_SLAS_Testcase'!$C$4:$C$203,"*"&A14&"*") -> 0 | D14: =IF(C14>0,"Covered","Not Covered") -> Not Covered
A15: SLAS-SRS-011 | B15: ASSIST DOWN 안내 | C15: =COUNTIF('01_SLAS_Testcase'!$C$4:$C$203,"*"&A15&"*") -> 0 | D15: =IF(C15>0,"Covered","Not Covered") -> Not Covered
A16: SLAS-SRS-012 | B16: WARNING 안내 억제 | C16: =COUNTIF('01_SLAS_Testcase'!$C$4:$C$203,"*"&A16&"*") -> 0 | D16: =IF(C16>0,"Covered","Not Covered") -> Not Covered
... A36: SLAS-SRS-032 | B36: 카메라 출처 표시 | C36: =COUNTIF('01_SLAS_Testcase'!$C$4:$C$203,"*"&A36&"*") -> 0 | D36: =IF(C36>0,"Covered","Not Covered") -> Not Covered

Sheet 03_UnitTest_Result
A1: 04_SLAS Unit Test Result
A3: No. | B3: 테스트 함수명 | C3: 대상 함수 | D3: 테스트 목적 | E3: 관련 SRS ID | F3: 입력값 | G3: 기대 결과 | H3: 실제 결과 | I3: Pass/Fail | J3: 비고
A4: 1
A5: 2
A6: 3
A7: 4
A8: 5
A9: 6
A10: 7
A11: 8
A12: 9
A13: 10
A14: 11
A15: 12
... A23: 20
A26: 단위 테스트 요약
A28: 총 테스트 수 | B28: =COUNTA(B4:B23) -> 0
A29: Pass | B29: =COUNTIF(I4:I23,"Pass") -> 0
A30: Fail | B30: =COUNTIF(I4:I23,"Fail") -> 0
A32: Statement Coverage (gcov)
